screen,width,height,changed_pixels,max_channel_delta,before_sha256,after_sha256
dm-1023.png,1023,900,4,1,cca0bc34d815b7b759af8b015ac275d648c63888caf5257a899d985bcf3b968c,505b6b1181ae8334cc9ff7c52041affc9121d16497ea7de1a4175fe8c37eef1e
dm-1024-fifth.png,1024,1834,0,0,5e34e095760a6c1ae570cd809685a43558f0e6e1daf15e2379acd1864783a613,5e34e095760a6c1ae570cd809685a43558f0e6e1daf15e2379acd1864783a613
dm-1024-home.png,1024,1421,0,0,4e7353fbc0c447edd01bddd569769fe3dbe347e33ceda470184cf5ff0f95ddd0,4e7353fbc0c447edd01bddd569769fe3dbe347e33ceda470184cf5ff0f95ddd0
dm-1024-library.png,1024,1080,0,0,f6fadb45738c801e4dc43ffe6e8b5a18e77420f60a81a6cb2fa26808ae27c1b2,f6fadb45738c801e4dc43ffe6e8b5a18e77420f60a81a6cb2fa26808ae27c1b2
dm-1024-market.png,1024,1080,0,0,e2ba4496b2712a07e219c4c502700640fd6dd434fec61619c031e359d96fe3a0,e2ba4496b2712a07e219c4c502700640fd6dd434fec61619c031e359d96fe3a0
dm-1024-party.png,1024,1080,0,0,0cbcb91da96d9b90a9a797779f73854aae42df159db1c7da8e497a23d0a6ae63,0cbcb91da96d9b90a9a797779f73854aae42df159db1c7da8e497a23d0a6ae63
dm-1440-fifth.png,1440,1761,0,0,a04d3a40d089d6091ff48b8ed7acdaaba69ed8f3e717afd7ad2af54186f1c910,a04d3a40d089d6091ff48b8ed7acdaaba69ed8f3e717afd7ad2af54186f1c910
dm-1440-home.png,1440,1080,20,1,0dc9835668e515a93783c4cb84b90031f3d724ddd18f5a7387317bed36f1d100,a1fc5eb280dc4278a7485acd882ac3ee9eaa3e19419513a6d97edd36c69e5b11
dm-1440-library.png,1440,1080,0,0,9d091689b18364a67920cce03c03bab05414318f3852e44ab3e1dd31500dcf43,9d091689b18364a67920cce03c03bab05414318f3852e44ab3e1dd31500dcf43
dm-1440-market.png,1440,1080,0,0,fa927323de47b5ac5af3111bf9773acf35f143309fe96763eaee3ba845a1ca02,fa927323de47b5ac5af3111bf9773acf35f143309fe96763eaee3ba845a1ca02
dm-1440-party.png,1440,1080,0,0,027b52865276520e948d8c1aea686d0b770b6d9fcdff67fc24a143bf248464c2,027b52865276520e948d8c1aea686d0b770b6d9fcdff67fc24a143bf248464c2
dm-1920-fifth.png,1920,1657,0,0,51f4793acab927500954256d766fbac3e4e18e5eab64e854ae5e186bcaf7c214,51f4793acab927500954256d766fbac3e4e18e5eab64e854ae5e186bcaf7c214
dm-1920-home.png,1920,1080,0,0,59bad9a4a355dfc822a2a8c05bb94fb99e656f8c9429895353576f8156c7f853,59bad9a4a355dfc822a2a8c05bb94fb99e656f8c9429895353576f8156c7f853
dm-1920-library.png,1920,1080,0,0,59ab234fd64ed6bef7f5aeb81a3155d68726265f5631d97d73ece543a14ca447,59ab234fd64ed6bef7f5aeb81a3155d68726265f5631d97d73ece543a14ca447
dm-1920-market.png,1920,1080,0,0,004c4f40c0436d8096db947313f8e24d0785bea2ebe0f0a2855e0917efbe7c09,004c4f40c0436d8096db947313f8e24d0785bea2ebe0f0a2855e0917efbe7c09
dm-1920-party.png,1920,1080,0,0,52698c8887a8fddfda07d7ba94adf3999a889e771d50394ad2aece035dae5cb1,52698c8887a8fddfda07d7ba94adf3999a889e771d50394ad2aece035dae5cb1
dm-2560-fifth.png,2560,1657,0,0,fe16f80b1264db36643316b04059039d6a240ee48f9f66328a8eb2941603a0c2,fe16f80b1264db36643316b04059039d6a240ee48f9f66328a8eb2941603a0c2
dm-2560-home.png,2560,1080,20,1,7b1df5f8e64b1531f0093a300b66babf3531a7f82aeca240d021b32d894d961c,71d6bcc5f304b03e1223ec7e25032711a7519717588a07d015a3337a12b66f00
dm-2560-library.png,2560,1080,0,0,3cc07778755d582f8714739a43bb1dde519ad6ad63a6c74ca4f627e5c2cb169d,3cc07778755d582f8714739a43bb1dde519ad6ad63a6c74ca4f627e5c2cb169d
dm-2560-market.png,2560,1080,0,0,a27a4bdbfbfdc16d09dfb2883bd09ce4713237a61deac40fa0c46c6b9ac3ad2c,a27a4bdbfbfdc16d09dfb2883bd09ce4713237a61deac40fa0c46c6b9ac3ad2c
dm-2560-party.png,2560,1080,0,0,a8f1a7b3f4137c20dce4f0a817086b1508223b8f5171c18133d5efebf33b16ec,a8f1a7b3f4137c20dce4f0a817086b1508223b8f5171c18133d5efebf33b16ec
dm-320.png,320,919,0,0,48572dd2f506062e57338cb45fb00af142b5b7130d185bc234778a6473adb0be,48572dd2f506062e57338cb45fb00af142b5b7130d185bc234778a6473adb0be
dm-390-fifth.png,390,2310,0,0,79db60217d747717b5fbd944c399cb7d5784654c3402f6ee61e5ff719b3cc91d,79db60217d747717b5fbd944c399cb7d5784654c3402f6ee61e5ff719b3cc91d
dm-390-home.png,390,919,0,0,9dd9e3e424dd8ee4c041ef197a38c29a2573266aadc06c88a237e045908b7c22,9dd9e3e424dd8ee4c041ef197a38c29a2573266aadc06c88a237e045908b7c22
dm-390-library.png,390,1427,0,0,93b19bc48e89a58cc9084489cdc3ef2c387e7d6b07060113ded06d75de3d163c,93b19bc48e89a58cc9084489cdc3ef2c387e7d6b07060113ded06d75de3d163c
dm-390-market.png,390,1086,0,0,afdbc98b67c437ad80774ca907dcd7deab9ae596a699287e2d4153fd010884bf,afdbc98b67c437ad80774ca907dcd7deab9ae596a699287e2d4153fd010884bf
dm-390-party.png,390,1240,0,0,2f2de177644f6567e9720bf92b50cc7883cf180252b94f2c9410b269bd4a2c50,2f2de177644f6567e9720bf92b50cc7883cf180252b94f2c9410b269bd4a2c50
dm-390-settings.png,390,2310,0,0,de2276282bcbd98141d0c45e934715d5f9707a58135614393077f6f639a9cd2f,de2276282bcbd98141d0c45e934715d5f9707a58135614393077f6f639a9cd2f
dm-768.png,768,907,0,0,39b087719a71468c322d2d1cc5eb5ca6567ad57ecb58aed6818c8d70cff081b9,39b087719a71468c322d2d1cc5eb5ca6567ad57ecb58aed6818c8d70cff081b9
player-1023.png,1023,2146,0,0,7a91f2e0955c7268004b98d80e64aa260241e7188f85c156dc1ffef25826a6b8,7a91f2e0955c7268004b98d80e64aa260241e7188f85c156dc1ffef25826a6b8
player-1024-fifth.png,1024,1080,0,0,3575167b6657b484735d653b7f81a5e4dec30bac1b356f67ad0db9fbb9ff06d1,3575167b6657b484735d653b7f81a5e4dec30bac1b356f67ad0db9fbb9ff06d1
player-1024-home.png,1024,1525,0,0,46ff7735bacda4fb9a4f1d0dac2b2611d38616dfe1e141737fd50c398948b887,46ff7735bacda4fb9a4f1d0dac2b2611d38616dfe1e141737fd50c398948b887
player-1024-library.png,1024,1080,0,0,fa04eeb1903728bfb8db5d8faf85e1c04e341fbef5fa5a4137585498d8ab3314,fa04eeb1903728bfb8db5d8faf85e1c04e341fbef5fa5a4137585498d8ab3314
player-1024-market.png,1024,1080,0,0,45822e6670d53306b82e1114af9577f39a80a6a759627716c4a87873d1d08ea0,45822e6670d53306b82e1114af9577f39a80a6a759627716c4a87873d1d08ea0
player-1024-party.png,1024,1080,0,0,1e2d3a5d28753177c728e23b8c2513f82ac59ef275f36823f05cec38f699a670,1e2d3a5d28753177c728e23b8c2513f82ac59ef275f36823f05cec38f699a670
player-1440-fifth.png,1440,1080,0,0,6d38203710bee539862e6ceea9002ea337e49835c259ec2ded433f6ad269ce6f,6d38203710bee539862e6ceea9002ea337e49835c259ec2ded433f6ad269ce6f
player-1440-home.png,1440,1319,0,0,72bb7fdd4d9009234f176f452082c87068ee7675fd2208beeb5d12b2d621224c,72bb7fdd4d9009234f176f452082c87068ee7675fd2208beeb5d12b2d621224c
player-1440-library.png,1440,1080,0,0,55e74400bc9cda8d299588a43f0f05e5f26f3cbdfbb5eee8ceb87deb24240614,55e74400bc9cda8d299588a43f0f05e5f26f3cbdfbb5eee8ceb87deb24240614
player-1440-market.png,1440,1080,0,0,a41f159a683742c67386ebb97adcad74539c9aad852d0e84da2b6945900bd2c7,a41f159a683742c67386ebb97adcad74539c9aad852d0e84da2b6945900bd2c7
player-1440-party.png,1440,1080,24,1,e8b87ba2ac99a8823c4c96e2b114627a76df0bff711323cafd937a0e6fad4b2d,30386e7a148602d78193adccec76ea7c0267d435b3c54d5bf576150342e2b46a
player-1920-fifth.png,1920,1080,0,0,8880bc046729ff95a2960ef9e04b3e48bad0d529c606f784eaa051e0d800a3ab,8880bc046729ff95a2960ef9e04b3e48bad0d529c606f784eaa051e0d800a3ab
player-1920-home.png,1920,1305,0,0,46651c37d17bb2ce8f07499602bf5993b66058a49e053c12e8503beaea5f362f,46651c37d17bb2ce8f07499602bf5993b66058a49e053c12e8503beaea5f362f
player-1920-library.png,1920,1080,0,0,41dc0fa9daddc42fc052cbe974d3b1e919dd01e5ab1df6ed9a1d7c8361cb4b5f,41dc0fa9daddc42fc052cbe974d3b1e919dd01e5ab1df6ed9a1d7c8361cb4b5f
player-1920-market.png,1920,1080,6,1,1734cc4d81f59b6ba86a193e93381a34b83c6b7d8979a9f63676a804c1bf3763,debd2e51fc3dcd00060580ecae2bd1cbb148c9c3a7f874f70a4ed6345915cec5
player-1920-party.png,1920,1080,0,0,f04eb40cb96b84ab692efa360c424523ba0317eeb5ab1739a351560a865e744d,f04eb40cb96b84ab692efa360c424523ba0317eeb5ab1739a351560a865e744d
player-2560-fifth.png,2560,1080,0,0,6b213b156cad17d06468bb1ea92614f10ba83a319fb2f6ffbe93b3bdbdb85a1d,6b213b156cad17d06468bb1ea92614f10ba83a319fb2f6ffbe93b3bdbdb85a1d
player-2560-home.png,2560,1305,0,0,55ab74c677f3907fd700624b490eeaf7468f30b06471a09ab26993f1c6082a25,55ab74c677f3907fd700624b490eeaf7468f30b06471a09ab26993f1c6082a25
player-2560-library.png,2560,1080,0,0,55eec19e71cf7c7afe7669c3bccc68d8290a31a6373a6e82d2afb492b23919da,55eec19e71cf7c7afe7669c3bccc68d8290a31a6373a6e82d2afb492b23919da
player-2560-market.png,2560,1080,6,1,2bb33f31d7248efb1a430685ad0322275868a3c8eb34c6f2b2a6ae14153d45be,aac942c8074b7460bf6befb8e7bce21583eee8f3d2ce6571e316eb2af382495b
player-2560-party.png,2560,1080,0,0,95c32cf820b5ee1c9f15604fe5ba82cf23e8276d7cae53d4ba58f9352d5963b9,95c32cf820b5ee1c9f15604fe5ba82cf23e8276d7cae53d4ba58f9352d5963b9
player-320.png,320,2519,0,0,e18ea0d3665c5e93e22c67cc482899e417f46df8a3545d776ab5dc166a8e7800,e18ea0d3665c5e93e22c67cc482899e417f46df8a3545d776ab5dc166a8e7800
player-390-fifth.png,390,985,0,0,5fcda6293820f6225b1146c54c155c9d2aee549f96a969523d74f93eca1d3b0c,5fcda6293820f6225b1146c54c155c9d2aee549f96a969523d74f93eca1d3b0c
player-390-home.png,390,2309,0,0,5860fd1846e08a4e3c38f08ce2600945958748eb62654f8f73f2150222729a11,5860fd1846e08a4e3c38f08ce2600945958748eb62654f8f73f2150222729a11
player-390-library.png,390,844,0,0,258e8aeec9e53c16eef5d76bf0806512f7adb1aa1146bbe30a1c11bde5ff3598,258e8aeec9e53c16eef5d76bf0806512f7adb1aa1146bbe30a1c11bde5ff3598
player-390-market.png,390,844,7,1,150c6f38898eed4c264959e3e9889dc6ae6aac0d2c1fe1b6bc5627fcb7fc802e,159144c556808a165ad890adb2d3445caa2ae2f3d2ab69610c70a277dfcad0fb
player-390-party.png,390,844,0,0,35793f23790976396891b45af7afe3af80c32d20f25d1a8bb887cea20f0eebca,35793f23790976396891b45af7afe3af80c32d20f25d1a8bb887cea20f0eebca
player-390-settings.png,390,985,0,0,2f7752cd2ad52bcec386ca8e4e71de91ce4e0826368db40cbf0f1b5a578344a5,2f7752cd2ad52bcec386ca8e4e71de91ce4e0826368db40cbf0f1b5a578344a5
player-768.png,768,2146,0,0,80e46582241cec27f047324613a039cbee73f3a0dbb4bfece53be7907df2c9a1,80e46582241cec27f047324613a039cbee73f3a0dbb4bfece53be7907df2c9a1
